bias,Afghanistan Conflict,Boko Haram Insurgency (Nigeria),Burkinabe Insurgency,Cameroonian Anglophone Crisis,Colombian Conflict,Israel-Palestine Conflict,Kashmir Conflict (India/Pakistan),Kivu Conflict (DRC),Libyan Civil War,Malian Conflict,Mozambican Insurgency,Myanmar Civil War,Nagorno-Karabakh Conflict,Russian Invasion of Ukraine,Somali Civil War,South Sudanese Civil War,Sudanese Conflict,Syrian Civil War,Tigray War (Ethiopia),Yemeni Civil War
centrist,4.5214387319650475,0.5689900426742532,0.6401137980085349,0.4369030684820158,8.372282056492583,23.5318024791709,2.3166023166023164,1.5240804714488925,2.45884982727088,2.5706157285104654,1.005893111156269,7.945539524486893,5.049786628733997,15.210323105059947,2.286120707173339,1.1481406218248325,8.758382442592968,4.643365169680959,1.7272912009754116,5.283478967689494
left-leaning,5.966782858314538,0.6151322534344884,0.2255484929259791,0.3075661267172442,8.48882509739594,23.621078531884354,0.9021939717039164,1.394299774451507,3.3832273938896864,2.911625999589912,0.3075661267172442,5.720729956940742,5.864260816075456,15.111749026040599,2.234980520811974,1.1277424646298955,8.591347139635023,4.695509534549928,1.906909985646914,6.622923928644658
right-leaning,8.454386984311448,0.5810575246949448,0.17431725740848344,0.029052876234747237,9.645554909936084,18.245206275421268,1.7431725740848343,0.4938988959907031,3.8640325392213826,6.885531667635096,0.2324230098779779,3.6606624055781523,3.89308541545613,16.73445671121441,2.760023242300988,1.074956420685648,7.495642068564788,6.827425915165601,0.9296920395119116,6.275421266705404
state-controlled,9.334298118668597,0.1447178002894356,0.0,0.0723589001447178,4.486251808972503,30.824891461649784,2.0260492040520983,1.0130246020260492,1.9536903039073805,1.519536903039074,0.0,2.098408104196816,1.519536903039074,12.301013024602025,1.3748191027496381,0.21707670043415342,12.011577424023155,12.011577424023155,0.7959479015918958,6.295224312590449
