bias,Afghanistan Conflict,Boko Haram Insurgency (Nigeria),Burkinabe Insurgency,Cameroonian Anglophone Crisis,Colombian Conflict,Israel-Palestine Conflict,Kashmir Conflict (India/Pakistan),Kivu Conflict (DRC),Libyan Civil War,Malian Conflict,Mozambican Insurgency,Myanmar Civil War,Nagorno-Karabakh Conflict,Russian Invasion of Ukraine,Somali Civil War,South Sudanese Civil War,Sudanese Conflict,Syrian Civil War,Tigray War (Ethiopia),Yemeni Civil War
centrist,10.297780184082296,0.5414185165132648,0.40064970221981594,0.2165674066053059,9.236599891716295,12.539252842447212,1.4401732539252843,0.9312398484028154,2.8586897671900378,4.385489983757444,0.7579859231185706,5.1976177585273415,3.86572820790471,15.798592311857066,2.902003248511099,1.1044937736870601,7.850568489442339,11.164049810503519,2.6637791012452627,5.8473199783432595
left-leaning,10.83688298672012,0.4009020295665247,0.17539463793535454,0.11275369581558506,9.120521172638437,12.265096467050865,2.2049611626158856,1.5534953645702831,4.334753194688048,3.620646454522676,0.16286644951140067,5.637684790779254,3.9213229766975695,15.722876472062138,2.6685041343021796,1.202706088699574,6.852919067902781,11.976948133299924,2.2049611626158856,5.023803558005512
right-leaning,14.727582292849034,0.5107832009080591,0.028376844494892167,0.028376844494892167,7.491486946651532,14.074914869466514,0.8229284903518729,0.7945516458569807,4.256526674233825,2.894438138479001,0.11350737797956867,3.1498297389330308,1.9580022701475595,19.807037457434735,3.6322360953461974,0.5959137343927355,6.441543700340523,12.088535754824063,0.5391600454029511,6.0442678774120315
state-controlled,20.32258064516129,0.06451612903225806,0.0,0.06451612903225806,2.7741935483870965,24.064516129032256,0.903225806451613,0.5806451612903226,0.25806451612903225,0.5161290322580645,0.0,1.3548387096774193,0.7096774193548387,19.93548387096774,0.5161290322580645,0.12903225806451613,9.935483870967742,11.612903225806452,0.3225806451612903,5.935483870967742
