ownership,Afghanistan Conflict,Boko Haram Insurgency (Nigeria),Burkinabe Insurgency,Cameroonian Anglophone Crisis,Colombian Conflict,Israel-Palestine Conflict,Kashmir Conflict (India/Pakistan),Kivu Conflict (DRC),Libyan Civil War,Malian Conflict,Mozambican Insurgency,Myanmar Civil War,Nagorno-Karabakh Conflict,Russian Invasion of Ukraine,Somali Civil War,South Sudanese Civil War,Sudanese Conflict,Syrian Civil War,Tigray War (Ethiopia),Yemeni Civil War
privately owned,11.809768952626095,0.44738616167187595,0.1287001287001287,0.0429000429000429,9.578966721823864,13.636085064656495,1.336029907458479,0.6435006435006435,3.701660844517987,2.996874425445854,0.43512900655757797,5.148005148005148,2.9662315376601094,17.239688668260097,2.7639884782741926,1.0296010296010296,6.974321260035546,11.993626279340566,1.8814733100447387,5.246062388919532
state-funded,6.8181818181818175,0.5681818181818182,0.4058441558441558,0.487012987012987,6.6558441558441555,3.896103896103896,6.8181818181818175,7.305194805194805,5.357142857142857,7.061688311688312,0.2435064935064935,7.792207792207792,6.98051948051948,8.116883116883116,5.357142857142857,2.6785714285714284,5.681818181818182,7.629870129870129,3.571428571428571,6.574675324675325
state-funded but independently operated,9.446254071661238,1.1943539630836049,1.0857763300760044,0.0,7.27470141150923,8.469055374592834,1.0857763300760044,1.0857763300760044,4.234527687296417,5.863192182410423,0.9771986970684038,5.863192182410423,3.8002171552660156,10.857763300760045,6.948968512486428,0.9771986970684038,7.81758957654723,10.314875135722042,4.017372421281216,8.686210640608035
state-owned,14.700349368449341,0.26874496103198064,0.429991937651169,0.4837409298575652,4.703036818059662,16.689062080085996,1.0749798441279226,1.1287288363343186,1.4780972856758936,4.676162321956463,0.10749798441279225,1.7468422467078741,3.8968019349637193,18.005912389142704,0.9674818597151305,0.26874496103198064,9.809191077667293,11.95915076592314,1.4780972856758936,6.127385111529159
state-owned but independently operated,5.0,0.0,0.0,0.0,1.0,34.0,0.0,0.0,0.0,0.0,0.0,7.000000000000001,0.0,38.0,0.0,1.0,8.0,2.0,3.0,1.0
