season,Afghanistan Conflict,Boko Haram Insurgency (Nigeria),Burkinabe Insurgency,Cameroonian Anglophone Crisis,Colombian Conflict,Israel-Palestine Conflict,Kashmir Conflict (India/Pakistan),Kivu Conflict (DRC),Libyan Civil War,Malian Conflict,Mozambican Insurgency,Myanmar Civil War,Nagorno-Karabakh Conflict,Russian Invasion of Ukraine,Somali Civil War,South Sudanese Civil War,Sudanese Conflict,Syrian Civil War,Tigray War (Ethiopia),Yemeni Civil War
Fall,5.740121879300177,0.25555337133870654,0.33418517790446234,0.45213288775309607,7.312758010615294,33.379201887163354,1.6709258895223118,0.9239237271476313,4.088853941419305,3.1256143109887953,0.33418517790446234,4.73756634558679,11.53921761352467,6.369176331826224,1.6709258895223118,0.8649498722233143,7.037546687635149,4.403381167682328,1.9461372125024572,3.8136426184391587
Spring,6.646917237548602,0.9812997593038325,0.6109979633401221,0.20366598778004072,12.201444177004259,25.88409553786336,1.703388261433068,1.1109053878911312,2.1107202369931493,2.31438622477319,0.925754489909276,6.091464543603037,2.7217182003332714,11.423810405480467,2.277356045176819,1.0923902980929456,10.109239029809295,5.9988890946121085,1.2590261062766155,4.332531012775412
Summer,6.2145748987854255,0.708502024291498,0.20242914979757085,0.20242914979757085,6.558704453441296,12.429149797570851,1.882591093117409,0.8502024291497976,3.502024291497976,4.919028340080972,0.728744939271255,6.4574898785425106,1.3360323886639678,28.198380566801617,2.1255060728744937,1.2753036437246963,9.635627530364372,6.4979757085020236,1.2550607287449393,5.020242914979757
Winter,4.811664641555286,0.1701093560145808,0.48602673147023084,0.3888213851761847,6.731470230862698,19.732685297691376,2.187120291616039,2.4301336573511545,1.7496962332928312,3.0619684082624543,0.4617253948967193,7.946537059538275,3.3535844471445926,15.698663426488457,3.2806804374240586,1.0206561360874848,7.897934386391252,5.297691373025517,1.8712029161603887,11.421628189550425
